code,model,manufacturer,business_capacity,economy_capacity,status
B738,Boeing 737-800,Boeing,16,144,1
B77W,Boeing 777-300ER,Boeing,42,304,1
A320,Airbus A320,Airbus,12,138,1
A321,Airbus A321,Airbus,16,170,1
B789,Boeing 787-9 Dreamliner,Boeing,30,252,1
A359,Airbus A350-900,Airbus,32,297,1
A388,Airbus A380-800,Airbus,76,399,1
B748,Boeing 747-8,Boeing,60,306,1
B763,Boeing 767-300ER,Boeing,30,195,1
A333,Airbus A330-300,Airbus,28,262,1
E190,Embraer E190,Embraer,8,92,1
E175,Embraer E175,Embraer,12,64,1
CRJ9,Bombardier CRJ-900,Bombardier,12,64,1
DH8D,Bombardier Dash 8 Q400,Bombardier,0,78,1
B38M,Boeing 737 MAX 8,Boeing,16,144,1
