code,airline_code,from_airport_code,to_airport_code,aircraft_code,departure,estimated_arrival,business_class_price,economy_price
BA001,BAW,LHR,JFK,B788,2026-09-15T08:00:00,2026-09-15T11:00:00,2500,800
SQ321,SIA,SIN,LHR,A388,2026-09-15T23:45:00,2026-09-16T05:55:00,3200,950
EK123,UAE,DXB,SYD,A388,2026-09-16T02:15:00,2026-09-16T22:05:00,2800,850
LH456,DLH,FRA,LAX,B748,2026-09-16T10:30:00,2026-09-16T13:15:00,2700,820
QF008,QFA,SYD,DXB,A388,2026-09-17T21:10:00,2026-09-18T05:40:00,2400,780
CX567,CPA,HKG,LHR,B77W,2026-09-17T23:55:00,2026-09-18T05:35:00,2900,870
AF234,AFR,CDG,NRT,B789,2026-09-18T13:35:00,2026-09-19T08:25:00,2600,830
KL891,KLM,AMS,JNB,B789,2026-09-18T10:20:00,2026-09-18T22:15:00,2300,750
TK072,THY,IST,SIN,A359,2026-09-19T01:30:00,2026-09-19T17:55:00,2200,720
QR908,QTR,DOH,MEL,A35K,2026-09-19T20:40:00,2026-09-20T17:10:00,3100,920
UA095,UAL,ORD,NRT,B789,2026-09-20T11:15:00,2026-09-21T14:35:00,2650,840
AA100,AAL,DFW,LHR,B77W,2026-09-20T18:25:00,2026-09-21T09:00:00,2550,810
DL234,DAL,ATL,CDG,A333,2026-09-21T16:40:00,2026-09-22T07:25:00,2450,790
CA988,CCA,PEK,SFO,B789,2026-09-21T14:05:00,2026-09-21T10:45:00,2750,860
SQ317,SIA,LHR,SIN,A388,2026-09-22T09:00:00,2026-09-23T06:50:00,3150,930
